domaine,parcelle,Ligne,RatioAccuracy,Arbre,Nom_Image,Variete,Porte greffe,fruits_comptés,fruits_detecte,Non_Detectes,Fausses_détections,Accuracy,fruits_sombre,petit,Trop Grand,caché,Fruits en arrière plan,Fruits groupés,autre,,Precision,Recall,F1 Score,FruitDetecté2,Fausse_Détection2,Accuracy2,Précision2
STAHALMAD,21110,,,,,Orogrande,C.Carrizo,17,18,3,4,"82,35294118",0,1,0,1,0,1,0,,"0,8181818182","0,6666666667","0,7346938776",,,,
STAHALMAD,21110,,,,,Orogrande,C.Carrizo,13,11,5,3,"61,53846154",0,0,0,3,0,2,0,,"0,7857142857","0,5","0,6111111111",,,,
STAHALMAD,21110,,,,,Orogrande,C.Carrizo,11,13,1,3,"90,90909091",0,0,0,1,0,0,0,,"0,8125","0,7142857143","0,7602339181",,,,
STAHALMAD,21110,,,,,Orogrande,C.Carrizo,33,30,6,3,"81,81818182",2,0,0,4,0,0,0,,"0,9090909091","0,75","0,8219178082",,,,
STAHALMAD,21110,,,,,Orogrande,C.Carrizo,19,19,1,1,"94,73684211",0,0,0,0,0,0,0,,"0,95","0,9","0,9243243243",,,,
STAHALMAD,21110,,,,,Orogrande,C.Carrizo,30,27,4,1,"86,66666667",0,0,0,4,0,0,0,,"0,9642857143","0,8387096774","0,8971246006",,,,
STAHALMAD,21110,,,,,Orogrande,C.Carrizo,30,13,18,1,40,2,0,0,10,0,0,6,,"0,9285714286","0,3870967742","0,5464098074",,,,
STAHALMAD,21110,,,,,Orogrande,C.Carrizo,16,17,1,2,"93,75",0,0,0,1,0,0,0,,"0,8947368421","0,8333333333","0,8629441624",,,,
STAHALMAD,21110,,,,,Orogrande,C.Carrizo,24,15,10,1,"58,33333333",0,0,0,7,0,0,3,,"0,9375","0,56","0,7011686144",,,,
STAHALMAD,21110,,,,,Orogrande,C.Carrizo,26,19,7,0,"73,07692308",1,0,0,2,0,1,3,,1,"0,7307692308","0,8444444444",,,,
STAHALMAD,23210,,,,,Berkane,C.Carrizo,6,6,0,0,100,0,0,0,0,0,0,0,,1,1,1,,,,
STAHALMAD,23210,,,,,Berkane,C.Carrizo,4,3,1,0,75,0,0,0,1,0,0,0,,1,"0,75","0,8571428571",,,,
STAHALMAD,23210,,,,,Berkane,C.Carrizo,40,33,7,0,"82,5",2,0,0,2,0,2,1,,1,"0,825","0,904109589",,,,
STAHALMAD,23210,,,,,Berkane,C.Carrizo,36,23,13,0,"63,88888889",1,0,0,5,0,6,1,,1,"0,6388888889","0,7796610169",,,,
STAHALMAD,23210,,,,,Berkane,C.Carrizo,15,10,5,0,"66,66666667",0,0,0,4,0,0,1,,1,"0,6666666667","0,8",,,,
STAHALMAD,23210,,,,,Berkane,C.Carrizo,45,39,7,1,"84,44444444",0,0,0,6,0,1,0,,"0,975","0,8260869565","0,8943874472",,,,
STAHALMAD,23210,,,,,Berkane,C.Carrizo,29,27,2,0,"93,10344828",0,0,0,1,0,1,0,,1,"0,9310344828","0,9642857143",,,,
STAHALMAD,23210,,,,,Berkane,C.Carrizo,24,22,5,3,"79,16666667",0,0,0,2,0,2,1,,"0,88","0,7037037037","0,7820392891",,,,
STAHALMAD,23210,,,,,Berkane,C.Carrizo,7,7,1,1,"85,71428571",0,0,0,1,0,0,0,,"0,875","0,75","0,8076923077",,,,
STAHALMAD,23210,,,,,Berkane,C.Carrizo,39,32,7,0,"82,05128205",2,0,0,0,0,4,1,,1,"0,8205128205","0,9014084507",,,,
STAHALMAD,24110,,,,,Nules,C.35,44,37,8,1,"81,81818182",1,0,0,5,0,0,2,,"0,9736842105","0,8","0,8783382789",,,,
STAHALMAD,24110,,,,,Nules,C.35,36,28,9,1,75,0,0,0,5,0,0,4,,"0,9655172414","0,7297297297","0,8312259483",,,,
STAHALMAD,24110,,,,,Nules,C.35,26,17,11,2,"57,69230769",1,0,0,9,0,0,1,,"0,8947368421","0,5357142857","0,6701708279",,,,
STAHALMAD,24110,,,,,Nules,C.35,28,26,4,2,"85,71428571",0,0,0,3,0,1,0,,"0,9285714286","0,8","0,8595041322",,,,
STAHALMAD,24110,,,,,Nules,C.35,32,28,6,2,"81,25",4,0,0,1,0,1,0,,"0,9333333333","0,7647058824","0,8406466513",,,,
STAHALMAD,24110,,,,,Nules,C.35,34,28,6,0,"82,35294118",2,0,0,4,0,0,0,,1,"0,8235294118","0,9032258065",,,,
STAHALMAD,24110,,,,,Nules,C.35,28,26,5,3,"82,14285714",0,0,0,4,0,1,0,,"0,8965517241","0,7419354839","0,8119484046",,,,
STAHALMAD,24110,,,,,Nules,C.35,23,22,2,1,"91,30434783",0,0,0,1,0,0,1,,"0,9565217391","0,875","0,9139465875",,,,
STAHALMAD,24110,,,,,Nules,C.35,15,14,4,3,"73,33333333",0,0,0,3,0,0,1,,"0,8235294118","0,6111111111","0,701594533",,,,
STAHALMAD,24110,,,,,Nules,C.35,33,22,11,0,"66,66666667",0,0,0,7,0,2,2,,1,"0,6666666667","0,8",,,,
STAHALMAD,25210,,,,,Berkane,C.Carrizo,51,34,17,0,"66,66666667",5,0,0,8,0,3,1,,1,"0,6666666667","0,8",,,,
STAHALMAD,25210,,,,,Berkane,C.Carrizo,32,24,9,1,"71,875",2,0,0,6,0,1,0,,"0,96","0,696969697","0,8076079005",,,,
STAHALMAD,25210,,,,,Berkane,C.Carrizo,3,3,0,0,100,0,0,0,0,0,0,0,,1,1,1,,,,
STAHALMAD,25210,,,,,Berkane,C.Carrizo,23,23,4,4,"82,60869565",0,0,0,2,0,1,1,,"0,8518518519","0,7037037037","0,7707231041",,,,
STAHALMAD,25210,,,,,Berkane,C.Carrizo,43,27,16,0,"62,79069767",1,0,0,8,0,4,3,,1,"0,6279069767","0,7714285714",,,,
STAHALMAD,25210,,,,,Berkane,C.Carrizo,32,23,10,1,"68,75",0,0,0,7,0,1,2,,"0,9583333333","0,6666666667","0,7863247863",,,,
STAHALMAD,25210,,,,,Berkane,C.Carrizo,46,34,14,2,"69,56521739",3,0,0,8,0,0,3,,"0,9444444444","0,6666666667","0,7816091954",,,,
STAHALMAD,25210,,,,,Berkane,C.Carrizo,4,5,0,1,100,0,0,0,0,0,0,0,,"0,8333333333","0,8","0,8163265306",,,,
STAHALMAD,25210,,,,,Berkane,C.Carrizo,18,14,6,2,"66,66666667",0,0,0,4,0,1,1,,"0,875","0,6","0,7118644068",,,,
STAHALMAD,25210,,,,,Berkane,C.Carrizo,25,18,7,0,72,1,0,0,5,0,0,1,,1,"0,72","0,8372093023",,,,
Saouda,21030,105,0,4,,Orogrande,Volkameriana,71,54,19,2,"73,23943662",0,0,0,12,0,5,2,,"0,9642857143","0,7123287671","0,8193755471",63,2,"85,91549296","0,9692307692"
Saouda,21030,103,"1,118899443",2,,Orogrande,Volkameriana,56,44,13,1,"76,78571429",1,0,0,8,0,2,2,,"0,9777777778","0,7543859649","0,851676795",59,4,"98,21428571","0,9365079365"
Saouda,21030,102,"1,128419453",1,,Orogrande,Volkameriana,54,48,7,1,"87,03703704",0,0,0,4,0,3,0,,"0,9795918367","0,8545454545","0,9128059883",66,12,100,"0,8461538462"
Saouda,21030,107,"1,181818182",6,,Orogrande,Volkameriana,39,33,6,0,"84,61538462",0,0,0,4,0,1,1,,1,"0,8461538462","0,9166666667",47,5,"107,6923077","0,9038461538"
Saouda,21030,106,"1,181141439",5,,Orogrande,Volkameriana,34,31,3,0,"91,17647059",0,0,0,3,0,0,0,,1,"0,9117647059","0,9538461538",46,6,"117,6470588","0,8846153846"
Saouda,21030,109,"1,568627451",8,,Orogrande,Volkameriana,24,20,6,2,75,0,0,0,6,0,0,0,,"0,9090909091","0,6923076923","0,7860262009",28,6,"91,66666667","0,8235294118"
Saouda,21030,108,"1,203125",7,,Orogrande,Volkameriana,21,21,5,5,"76,19047619",0,0,0,4,0,1,0,,"0,8076923077","0,6153846154","0,6985446985",27,10,"80,95238095","0,7297297297"
Saouda,21030,110,"1,214285714",9,,Orogrande,Volkameriana,21,14,7,0,"66,66666667",3,0,0,3,0,1,0,,1,"0,6666666667","0,8",14,14,0,"0,5"
Saouda,21030,111,0,10,,Orogrande,Volkameriana,21,15,7,1,"66,66666667",2,0,0,5,0,0,0,,"0,9375","0,6363636364","0,7581227437",20,3,"80,95238095","0,8695652174"
Saouda,21030,104,"0,8095238095",3,,Orogrande,Volkameriana,5,8,0,3,100,0,0,0,0,0,0,0,,"0,7272727273","0,625","0,6722689076",6,4,40,"0,6"
Saouda,22030,120,"0,4888888889",9,,Orogrande,Volkameriana,55,45,10,0,"81,81818182",0,0,0,6,0,2,2,,1,"0,8181818182","0,9",63,3,"109,0909091","0,9545454545"
Saouda,22030,119,"1,558441558",8,,Orogrande,Volkameriana,50,37,15,2,70,0,0,0,11,0,3,1,,"0,9487179487","0,6730769231","0,7874733962",62,9,106,"0,8732394366"
Saouda,22030,113,"1,311052632",2,,Orogrande,Volkameriana,47,38,9,0,"80,85106383",0,0,0,6,0,3,0,,1,"0,8085106383","0,8941176471",50,3,100,"0,9433962264"
Saouda,22030,112,"1,133333333",1,,Orogrande,Volkameriana,34,31,4,1,"88,23529412",0,0,0,3,0,0,1,,"0,96875","0,8571428571","0,9095354523",41,7,100,"0,8541666667"
Saouda,22030,121,"1,32",10,,Orogrande,Volkameriana,33,31,8,6,"75,75757576",0,0,0,7,0,0,1,,"0,8378378378","0,641025641","0,7263355201",50,10,"121,2121212","0,8333333333"
Saouda,22030,116,"1,464646465",5,,Orogrande,Volkameriana,29,27,5,3,"82,75862069",0,0,0,5,0,0,0,,"0,9","0,75","0,8181818182",34,3,"106,8965517","0,9189189189"
Saouda,22030,114,"1,443103448",3,,Orogrande,Volkameriana,27,20,7,0,"74,07407407",0,0,0,7,0,0,0,,1,"0,7407407407","0,8510638298",23,1,"81,48148148","0,9583333333"
Saouda,22030,117,"0,8536155203",6,,Orogrande,Volkameriana,22,25,1,4,"95,45454545",0,0,0,1,0,0,0,,"0,8620689655","0,8076923077","0,8339952343",28,5,"104,5454545","0,8484848485"
Saouda,22030,115,"1,493506494",4,,Orogrande,Volkameriana,20,15,6,1,70,0,0,0,5,0,1,0,,"0,9375","0,6666666667","0,7792207792",15,6,45,"0,7142857143"
Saouda,22030,118,"0,5785714286",7,,Orogrande,Volkameriana,9,8,2,1,"77,77777778",0,0,0,2,0,0,0,,"0,8888888889","0,7","0,7832167832",13,13,0,"0,5"
Saouda,23020,127,0,6,,Orogrande,Volkameriana,55,47,10,2,"81,81818182",0,0,0,7,0,0,3,,"0,9591836735","0,7894736842","0,8660933661",60,11,"89,09090909","0,8450704225"
Saouda,23020,124,"1,145454545",3,,Orogrande,Volkameriana,36,31,8,3,"77,77777778",2,1,0,5,0,0,0,,"0,9117647059","0,7179487179","0,8033317908",50,13,"102,7777778","0,7936507937"
Saouda,23020,128,"1,681818182",7,,Orogrande,Volkameriana,36,26,14,4,"61,11111111",0,0,0,11,0,1,2,,"0,8666666667","0,55","0,6729411765",44,8,100,"0,8461538462"
Saouda,23020,122,"1,259259259",1,,Orogrande,Volkameriana,34,30,7,3,"79,41176471",0,0,0,7,0,0,0,,"0,9090909091","0,7297297297","0,8095952024",41,6,"102,9411765","0,8723404255"
Saouda,23020,123,"1,338235294",2,,Orogrande,Volkameriana,26,23,6,3,"76,92307692",0,0,0,4,0,1,1,,"0,8846153846","0,6896551724","0,7750631845",31,12,"73,07692308","0,7209302326"
Saouda,23020,126,"0,8846153846",5,,Orogrande,Volkameriana,23,20,4,1,"82,60869565",0,0,0,1,0,3,0,,"0,9523809524","0,7916666667","0,8646188851",29,6,100,"0,8285714286"
Saouda,23020,129,"1,176470588",8,,Orogrande,Volkameriana,20,18,3,1,85,0,0,0,3,0,0,0,,"0,9473684211","0,8095238095","0,8730385164",29,3,130,"0,90625"
Saouda,23020,130,"1,7",9,,Orogrande,Volkameriana,17,17,4,4,"76,47058824",0,0,0,3,0,1,0,,"0,8095238095","0,619047619","0,7015873016",22,9,"76,47058824","0,7096774194"
Saouda,23020,125,"0,8739495798",4,,Orogrande,Volkameriana,16,17,2,3,"87,5",0,0,0,2,0,0,0,,"0,85","0,7368421053","0,7893864013",20,7,"81,25","0,7407407407"
Saouda,23020,131,"0,8863636364",10,,Orogrande,Volkameriana,12,14,1,3,"91,66666667",0,0,0,1,0,0,0,,"0,8235294118","0,7333333333","0,7758186398",18,7,"91,66666667","0,72"
Saouda,23030,136,"1,047619048",5,,Orogrande,Volkameriana,24,21,3,0,"87,5",0,0,0,1,0,2,0,,1,"0,875","0,9333333333",30,3,"112,5","0,9090909091"
Saouda,23030,132,"1,29375",1,,Orogrande,Volkameriana,23,21,3,1,"86,95652174",0,0,0,1,0,1,1,,"0,9545454545","0,8333333333","0,8898305085",23,2,"91,30434783","0,92"
Saouda,23030,141,"1,304347826",10,,Orogrande,Volkameriana,20,16,6,2,70,0,0,4,2,0,0,0,,"0,8888888889","0,6363636364","0,7417218543",21,1,100,"0,9545454545"
Saouda,23030,137,"1,1875",6,,Orogrande,Volkameriana,19,18,3,2,"84,21052632",0,0,0,2,0,1,0,,"0,9","0,7619047619","0,8252148997",23,6,"89,47368421","0,7931034483"
Saouda,23030,138,"1,043859649",7,,Orogrande,Volkameriana,14,14,2,2,"85,71428571",0,1,1,0,0,0,0,,"0,875","0,75","0,8076923077",13,1,"85,71428571","0,9285714286"
Saouda,23030,135,"1,114285714",4,,Orogrande,Volkameriana,13,10,3,0,"76,92307692",0,0,0,3,0,0,0,,1,"0,7692307692","0,8695652174",16,9,"53,84615385","0,64"
Saouda,23030,140,"0,6461538462",9,,Orogrande,Volkameriana,6,5,1,0,"83,33333333",0,0,0,0,0,0,1,,1,"0,8333333333","0,9090909091",18,7,"183,3333333","0,72"
Saouda,23030,139,"1,833333333",8,,Orogrande,Volkameriana,4,6,0,2,100,0,0,0,0,0,0,0,,"0,75","0,6666666667","0,7058823529",15,2,325,"0,8823529412"
Saouda,23030,133,"3,25",2,,Orogrande,Volkameriana,3,5,0,2,100,0,0,0,0,0,0,0,,"0,7142857143","0,6","0,652173913",4,2,"66,66666667","0,6666666667"
Saouda,23030,134,"0,6666666667",3,,Orogrande,Volkameriana,3,8,0,5,100,0,0,0,0,0,0,0,,"0,6153846154","0,375","0,4660194175",6,12,-200,"0,3333333333"
Nour,31050,32,"-3,052631579",7,,Orogrande,Volkameriana,58,38,20,0,"65,51724138",0,0,0,8,2,9,1,,1,"0,6551724138","0,7916666667",61,3,100,"0,953125"
Nour,31050,33,"1,588235294",8,,Orogrande,Volkameriana,27,18,10,1,"62,96296296",0,0,0,4,1,5,0,,"0,9473684211","0,6071428571","0,7400241838",28,2,"96,2962963","0,9333333333"
Nour,31050,14,"1,192239859",4,,Orogrande,Volkameriana,26,21,5,0,"80,76923077",0,0,0,3,0,1,1,,1,"0,8076923077","0,8936170213",27,4,"88,46153846","0,8709677419"
Nour,31050,12,"1,105769231",2,,Orogrande,Volkameriana,25,20,5,0,80,0,2,0,3,0,0,0,,1,"0,8","0,8888888889",19,0,76,1
Nour,31050,11,"0,84",1,,Orogrande,Volkameriana,21,20,2,1,"90,47619048",0,0,0,1,0,0,1,,"0,9523809524","0,8636363636","0,9058402861",23,8,"71,42857143","0,7419354839"
Nour,31050,13,"0,9375",3,,Orogrande,Volkameriana,21,18,5,2,"76,19047619",0,0,0,5,0,0,0,,"0,9","0,6956521739","0,7847411444",25,1,"114,2857143","0,9615384615"
Nour,31050,34,"1,714285714",9,,Orogrande,Volkameriana,21,15,7,1,"66,66666667",1,0,0,5,0,0,1,,"0,9375","0,6363636364","0,7581227437",20,2,"85,71428571","0,9090909091"
Nour,31050,15,"1,028571429",5,,Orogrande,Volkameriana,18,15,3,0,"83,33333333",0,1,0,1,0,1,0,,1,"0,8333333333","0,9090909091",21,1,"111,1111111","0,9545454545"
Nour,31050,31,"1,805555556",6,,Orogrande,Volkameriana,13,10,5,2,"61,53846154",0,0,0,2,0,3,0,,"0,8333333333","0,5333333333","0,6504065041",17,2,"115,3846154","0,8947368421"
Nour,31050,35,"1,384615385",10,,Orogrande,Volkameriana,6,8,1,3,"83,33333333",0,0,0,1,0,0,0,,"0,7272727273","0,5555555556","0,6299212598",16,6,"166,6666667","0,7272727273"
Nour,31100,17,"2,458333333",2,,Orogrande,Volkameriana,59,42,19,2,"67,79661017",3,0,0,8,0,2,6,,"0,9545454545","0,6557377049","0,7774178621",56,2,"91,52542373","0,9655172414"
Nour,31100,20,"1,075423729",5,,Orogrande,Volkameriana,47,41,7,1,"85,10638298",2,0,0,3,0,1,1,,"0,9761904762","0,8333333333","0,899122807",52,4,"102,1276596","0,9285714286"
Nour,31100,16,"1,196352584",1,,Orogrande,Volkameriana,41,40,6,5,"85,36585366",0,0,0,1,0,4,1,,"0,8888888889","0,7608695652","0,8199121523",38,4,"82,92682927","0,9047619048"
Nour,31100,19,"1,074977416",4,,Orogrande,Volkameriana,35,29,8,2,"77,14285714",0,0,0,3,2,3,0,,"0,935483871","0,7297297297","0,819895288",37,10,"77,14285714","0,7872340426"
Nour,31100,36,"1,212244898",6,,Orogrande,Volkameriana,33,24,12,3,"63,63636364",0,1,0,1,0,10,0,,"0,8888888889","0,5833333333","0,7044025157",40,3,"112,1212121","0,9302325581"
Nour,31100,38,"1,494949495",8,,Orogrande,Volkameriana,24,19,6,1,75,0,1,0,0,0,4,1,,"0,95","0,72","0,8191616766",25,5,"83,33333333","0,8333333333"
Nour,31100,18,"1,30952381",3,,Orogrande,Volkameriana,22,15,8,1,"63,63636364",5,0,0,2,0,1,0,,"0,9375","0,6086956522","0,7381370826",18,5,"59,09090909","0,7826086957"
Nour,31100,37,"0,65",7,,Orogrande,Volkameriana,22,22,2,2,"90,90909091",0,0,0,1,0,1,0,,"0,9166666667","0,8333333333","0,873015873",29,2,"122,7272727","0,935483871"
Nour,31100,39,"1,314935065",9,,Orogrande,Volkameriana,15,14,1,0,"93,33333333",0,0,0,0,0,1,0,,1,"0,9333333333","0,9655172414",8,2,40,"0,8"
Nour,31100,40,"0,4",10,,Orogrande,Volkameriana,12,16,0,4,100,0,0,0,0,0,0,0,,"0,8","0,75","0,7741935484",12,4,"66,66666667","0,75"
Nour,41050,42,"0,8372093023",2,,Nules,Macro,54,45,11,2,"79,62962963",0,0,0,4,0,7,0,,"0,9574468085","0,7678571429","0,8522351905",59,4,"101,8518519","0,9365079365"
Nour,41050,41,"1,432291667",1,,Nules,Macro,45,33,13,1,"71,11111111",2,0,0,8,0,1,2,,"0,9705882353","0,6956521739","0,810437452",33,1,"71,11111111","0,9705882353"
Nour,41050,43,"1,066666667",3,,Nules,Macro,30,21,10,1,"66,66666667",0,0,0,4,0,5,1,,"0,9545454545","0,6451612903","0,7699358387",32,4,"93,33333333","0,8888888889"
Nour,41050,47,"1,152941176",7,,Nules,Macro,21,17,4,0,"80,95238095",0,0,0,4,0,0,0,,1,"0,8095238095","0,8947368421",23,1,"104,7619048","0,9583333333"
Nour,41050,44,"1,30952381",4,,Nules,Macro,20,16,4,0,80,0,0,0,2,0,1,1,,1,"0,8","0,8888888889",17,5,60,"0,7727272727"
Nour,41050,48,"0,9",8,,Nules,Macro,15,14,5,4,"66,66666667",0,0,0,2,0,2,1,,"0,7777777778","0,5263157895","0,6278026906",13,6,"46,66666667","0,6842105263"
Nour,41050,45,"0,5090909091",5,,Nules,Macro,12,13,1,2,"91,66666667",0,0,0,0,0,0,1,,"0,8666666667","0,7857142857","0,8242074928",11,2,75,"0,8461538462"
Nour,41050,46,"0,75",6,,Nules,Macro,10,10,0,0,100,0,0,0,0,0,0,0,,1,1,1,10,3,70,"0,7692307692"
Nour,41050,49,"0,7777777778",9,,Nules,Macro,10,12,1,3,90,0,0,0,1,0,0,0,,"0,8","0,6923076923","0,7422680412",5,6,-10,"0,4545454545"
Nour,41050,50,"-0,1",10,,Nules,Macro,7,7,0,0,100,0,0,0,0,0,0,0,,1,1,1,8,3,"71,42857143","0,7272727273"
Nour,41110,55,"1,267857143",5,,Nules,Macro,71,41,31,1,"56,33802817",3,0,0,9,0,5,14,,"0,9761904762","0,5555555556","0,7081174439",68,4,"90,14084507","0,9444444444"
Nour,41110,53,"1,521126761",3,,Nules,Macro,54,33,22,1,"59,25925926",3,0,0,7,4,6,2,,"0,9705882353","0,5818181818","0,7275232518",33,2,"57,40740741","0,9428571429"
Nour,41110,60,"1,063100137",10,,Nules,Macro,50,27,23,0,54,5,0,0,11,0,2,5,,1,"0,54","0,7012987013",41,1,80,"0,9761904762"
Nour,41110,51,"1,175",1,,Nules,Macro,47,32,15,0,"68,08510638",1,0,0,8,1,3,2,,1,"0,6808510638","0,8101265823",43,0,"91,4893617",1
Nour,41110,56,"1,192134107",6,,Nules,Macro,43,33,10,0,"76,74418605",1,0,0,5,0,3,1,,1,"0,7674418605","0,8684210526",35,2,"76,74418605","0,9459459459"
Nour,41110,52,"1,662790698",2,,Nules,Macro,39,19,21,1,"46,15384615",1,0,0,7,5,8,0,,"0,95","0,45","0,6107142857",23,2,"53,84615385","0,92"
Nour,41110,54,"0,698005698",4,,Nules,Macro,35,28,8,1,"77,14285714",2,0,0,2,1,2,1,,"0,9655172414","0,75","0,8442211055",36,1,100,"0,972972973"
Nour,41110,58,"1,333333333",8,,Nules,Macro,28,22,7,1,75,4,0,0,3,0,0,0,,"0,9565217391","0,724137931","0,82426405",27,2,"89,28571429","0,9310344828"
Nour,41110,59,"1,116071429",9,,Nules,Macro,25,20,5,0,80,0,0,0,3,0,1,1,,1,"0,8","0,8888888889",25,2,92,"0,9259259259"
Nour,41110,57,"1,656",7,,Nules,Macro,18,10,8,0,"55,55555556",1,0,0,0,0,2,5,,1,"0,5555555556","0,7142857143",19,0,"105,5555556",1
Nour,51010,66,"1,382275132",6,,Nules,Volkameriana,55,42,13,0,"76,36363636",4,0,0,8,0,1,0,,1,"0,7636363636","0,8659793814",55,15,"72,72727273","0,7857142857"
Nour,51010,64,"0,7854545455",4,,Nules,Volkameriana,54,52,4,2,"92,59259259",1,0,0,3,0,0,0,,"0,962962963","0,8928571429","0,9265858874",101,3,"181,4814815","0,9711538462"
Nour,51010,69,"3,464646465",9,,Nules,Volkameriana,42,23,20,1,"52,38095238",1,0,0,13,0,6,0,,"0,9583333333","0,511627907","0,6671061305",40,3,"88,0952381","0,9302325581"
Nour,51010,61,"1,189285714",1,,Nules,Volkameriana,27,21,7,1,"74,07407407",3,0,0,2,1,1,0,,"0,9545454545","0,7142857143","0,8171206226",35,3,"118,5185185","0,9210526316"
Nour,51010,62,"1,621832359",2,,Nules,Volkameriana,26,21,7,2,"73,07692308",0,0,0,4,0,3,0,,"0,9130434783","0,6785714286","0,7785365854",29,7,"84,61538462","0,8055555556"
Nour,51010,67,"0,8829431438",7,,Nules,Volkameriana,24,23,1,0,"95,83333333",0,0,0,0,0,1,0,,1,"0,9583333333","0,9787234043",40,16,100,"0,7142857143"
Nour,51010,63,"5,25",3,,Nules,Volkameriana,21,7,17,3,"19,04761905",0,0,0,5,0,11,1,,"0,7","0,1666666667","0,2692307692",15,2,"61,9047619","0,8823529412"
Nour,51010,65,"1,069264069",5,,Nules,Volkameriana,19,11,8,0,"57,89473684",2,0,0,6,0,0,0,,1,"0,5789473684","0,7333333333",15,4,"57,89473684","0,7894736842"
Nour,51010,70,"0,8201754386",10,,Nules,Volkameriana,17,14,5,2,"70,58823529",1,0,0,2,0,2,0,,"0,875","0,6315789474","0,7336244541",28,6,"129,4117647","0,8235294118"
Nour,51010,68,"1,941176471",8,,Nules,Volkameriana,6,4,2,0,"66,66666667",0,0,0,2,0,0,0,,1,"0,6666666667","0,8",10,2,"133,3333333","0,8333333333"
Nour,51030,73,"1,912280702",3,,Nules,Macro,109,76,33,0,"69,72477064",0,0,0,17,0,14,2,,1,"0,6972477064","0,8216216216",124,2,"111,9266055","0,9841269841"
Nour,51030,74,"1,403524101",4,,Nules,Macro,79,66,16,3,"79,74683544",1,0,0,11,0,3,1,,"0,9565217391","0,7682926829","0,8521364894",98,2,"121,5189873","0,98"
Nour,51030,72,"1,949955843",2,,Nules,Macro,69,45,26,2,"62,31884058",1,0,0,16,0,9,0,,"0,9574468085","0,6056338028","0,7419478528",72,6,"95,65217391","0,9230769231"
Nour,51030,80,"1,386956522",9,,Nules,Macro,58,42,18,2,"68,96551724",1,0,0,11,0,6,0,,"0,9545454545","0,6666666667","0,785046729",61,4,"98,27586207","0,9384615385"
Nour,51030,71,"1,556034483",1,,Nules,Macro,57,38,21,2,"63,15789474",0,0,0,15,0,5,1,,"0,95","0,6101694915","0,7430744161",67,5,"108,7719298","0,9305555556"
Nour,51030,75,"1,665570175",5,,Nules,Macro,49,32,17,0,"65,30612245",4,0,0,12,0,0,1,,1,"0,6530612245","0,7901234568",54,1,"108,1632653","0,9818181818"
Nour,51030,81,"1,76266062",10,,Nules,Macro,44,27,17,0,"61,36363636",1,0,0,11,0,5,0,,1,"0,6136363636","0,7605633803",42,6,"81,81818182","0,875"
Nour,51030,76,"1,041322314",6,,Nules,Macro,42,35,9,2,"78,57142857",0,0,0,7,0,2,0,,"0,9459459459","0,75","0,8366533865",49,11,"90,47619048","0,8166666667"
Nour,51030,78,"1,017857143",7,,Nules,Macro,36,32,4,0,"88,88888889",1,0,0,3,0,0,0,,1,"0,8888888889","0,9411764706",46,2,"122,2222222","0,9583333333"
Nour,51030,79,"1,711111111",8,,Nules,Macro,35,27,10,2,"71,42857143",0,0,0,6,0,3,1,,"0,9310344828","0,6756756757","0,783062645",41,5,"102,8571429","0,8913043478"
Nour,51040,91,"1,645714286",10,,Nules,Volkameriana,56,37,21,2,"62,5",2,1,0,13,0,1,4,,"0,9487179487","0,6034482759","0,7376815722",46,5,"73,21428571","0,9019607843"
Nour,51040,83,"1,510044643",2,,Nules,Volkameriana,33,16,17,0,"48,48484848",2,0,0,6,0,6,3,,1,"0,4848484848","0,6530612245",39,4,"106,0606061","0,9069767442"
Nour,51040,90,"1,708754209",9,,Nules,Volkameriana,29,21,11,3,"62,06896552",1,0,0,8,0,2,0,,"0,875","0,5625","0,6847826087",25,9,"55,17241379","0,7352941176"
Nour,51040,87,"0,7840290381",6,,Nules,Volkameriana,27,19,8,0,"70,37037037",0,0,0,2,0,5,1,,1,"0,7037037037","0,8260869565",13,5,"29,62962963","0,7222222222"
Nour,51040,88,"0,4183006536",7,,Nules,Volkameriana,24,18,7,1,"70,83333333",0,0,0,4,0,3,0,,"0,9473684211","0,68","0,7917205692",32,3,"120,8333333","0,9142857143"
Nour,51040,86,"2,315972222",5,,Nules,Volkameriana,23,12,11,0,"52,17391304",1,0,0,9,0,0,1,,1,"0,5217391304","0,6857142857",19,7,"52,17391304","0,7307692308"
Nour,51040,82,"0,6041189931",1,,Nules,Volkameriana,22,20,3,1,"86,36363636",2,0,0,1,0,0,0,,"0,9523809524","0,8260869565","0,884749709",36,6,"136,3636364","0,8571428571"
Nour,51040,84,"1,850649351",3,,Nules,Volkameriana,19,15,5,1,"73,68421053",0,0,0,4,0,0,1,,"0,9375","0,7","0,8015267176",33,8,"131,5789474","0,8048780488"
Nour,51040,89,"1,754385965",8,,Nules,Volkameriana,12,12,3,3,75,0,0,0,2,0,1,0,,"0,8","0,6","0,6857142857",12,7,"41,66666667","0,6315789474"
Nour,51040,85,"0,5357142857",4,,Nules,Volkameriana,9,9,2,2,"77,77777778",0,0,0,2,0,0,0,,"0,8181818182","0,6363636364","0,7159090909",14,8,"66,66666667","0,6363636364"
Nour,51050,93,"0,9722222222",2,,Nules,Macro,105,72,33,0,"68,57142857",10,0,0,17,0,4,2,,1,"0,6857142857","0,813559322",84,9,"71,42857143","0,9032258065"
Nour,51050,95,1,4,,Nules,Macro,98,72,28,2,"71,42857143",1,0,0,16,0,8,3,,"0,972972973","0,7","0,8142164782",113,8,"107,1428571","0,9338842975"
Nour,51050,96,"1,4",5,,Nules,Macro,98,79,23,4,"76,53061224",2,0,0,9,0,12,0,,"0,9518072289","0,7352941176","0,829657635",104,5,"101,0204082","0,9541284404"
Nour,51050,94,"1,310108418",3,,Nules,Macro,83,67,19,3,"77,10843373",0,0,0,7,0,10,2,,"0,9571428571","0,7441860465","0,8373364577",93,2,"109,6385542","0,9789473684"
Nour,51050,92,"1,69441402",1,,Nules,Macro,68,47,24,3,"64,70588235",1,0,2,18,0,3,0,,"0,94","0,6197183099","0,7469748962",68,6,"91,17647059","0,9189189189"
Nour,51050,101,"1,174773756",10,,Nules,Macro,67,54,15,2,"77,6119403",0,0,0,6,0,7,2,,"0,9642857143","0,7536231884","0,8460379632",69,3,"98,50746269","0,9583333333"
Nour,51050,99,"1,537677466",8,,Nules,Macro,64,44,23,3,"64,0625",1,0,0,10,0,11,1,,"0,9361702128","0,6119402985","0,7401025641",66,6,"93,75","0,9166666667"
Nour,51050,98,"1,417682927",7,,Nules,Macro,62,43,21,2,"66,12903226",2,0,0,14,0,4,1,,"0,9555555556","0,640625","0,7670219709",61,5,"90,32258065","0,9242424242"
Nour,51050,100,"1,333333333",9,,Nules,Macro,62,46,20,4,"67,74193548",0,0,0,10,0,7,3,,"0,92","0,6363636364","0,7523364486",70,8,100,"0,8974358974"
Nour,51050,97,"1,150943396",6,,Nules,Macro,61,57,8,4,"86,8852459",0,0,0,1,0,4,3,,"0,9344262295","0,8153846154","0,8708561545",79,12,"109,8360656","0,8681318681"
Laure,12010,30,"1,592622951",10,,Nules,Bigaradier,58,41,18,1,"68,96551724",2,0,0,5,1,5,5,,"0,9761904762","0,6779661017","0,8001951696",66,4,"106,8965517","0,9428571429"
Laure,12010,26,"1,389655172",6,,Nules,Bigaradier,26,22,6,2,"76,92307692",0,0,2,1,0,3,0,,"0,9166666667","0,7142857143","0,802919708",38,7,"119,2307692","0,8444444444"
Laure,12010,10,"2,517094017",5,,Nules,Bigaradier,19,9,10,0,"47,36842105",1,0,0,7,0,2,0,,1,"0,4736842105","0,6428571429",22,5,"89,47368421","0,8148148148"
Laure,12010,6,"2,087719298",1,,Nules,Bigaradier,14,8,8,2,"42,85714286",1,0,0,5,0,2,0,,"0,8","0,375","0,5106382979",18,2,"114,2857143","0,9"
Laure,12010,29,"1,142857143",9,,Nules,Bigaradier,13,14,0,1,100,0,0,0,0,0,0,0,,"0,9333333333","0,9285714286","0,9309462916",22,4,"138,4615385","0,8461538462"
Laure,12010,9,"1,846153846",4,,Nules,Bigaradier,12,10,3,1,75,0,0,0,2,0,1,0,,"0,9090909091","0,6923076923","0,7860262009",13,4,75,"0,7647058824"
Laure,12010,8,"1,071428571",3,,Nules,Bigaradier,10,7,3,0,70,0,0,0,1,0,2,0,,1,"0,7","0,8235294118",17,12,50,"0,5862068966"
Laure,12010,7,"0,5",2,,Nules,Bigaradier,7,11,0,4,100,0,0,0,0,0,0,0,,"0,7333333333","0,6363636364","0,6814159292",13,4,"128,5714286","0,7647058824"
Laure,12010,27,"1,542857143",7,,Nules,Bigaradier,6,7,1,2,"83,33333333",0,0,0,0,0,0,1,,"0,7777777778","0,625","0,6930693069",14,16,"-33,33333333","0,4666666667"
Laure,12010,28,"-0,3333333333",8,,Nules,Bigaradier,3,6,0,3,100,0,0,0,0,0,0,0,,"0,6666666667","0,5","0,5714285714",9,7,"66,66666667","0,5625"
Ain Chaib,11010,3,"1,16091954",3,,Orogrande,Volkameriana,101,58,43,0,"57,42574257",4,0,0,15,0,20,4,,1,"0,5742574257","0,7295597484",80,2,"77,22772277","0,9756097561"
Ain Chaib,11010,4,"1,293115358",4,,Orogrande,Volkameriana,72,44,29,1,"59,72222222",3,1,0,16,0,4,5,,"0,9777777778","0,5890410959","0,735185545",50,3,"65,27777778","0,9433962264"
Ain Chaib,11010,21,"1,106095679",6,,Orogrande,Volkameriana,61,37,25,1,"59,01639344",1,0,0,11,7,5,1,,"0,9736842105","0,5806451613","0,7274713271",66,2,"104,9180328","0,9705882353"
Ain Chaib,11010,5,"1,544626594",5,,Orogrande,Volkameriana,53,37,17,1,"67,9245283",5,0,0,8,0,2,2,,"0,9736842105","0,6666666667","0,7914438503",48,3,"84,90566038","0,9411764706"
Ain Chaib,11010,25,"1,216981132",10,,Orogrande,Volkameriana,43,30,13,0,"69,76744186",0,0,0,6,0,6,1,,1,"0,6976744186","0,8219178082",46,6,"93,02325581","0,8846153846"
Ain Chaib,11010,2,"1,149110807",2,,Orogrande,Volkameriana,42,34,8,0,"80,95238095",0,0,0,1,3,4,0,,1,"0,8095238095","0,8947368421",46,3,"102,3809524","0,9387755102"
Ain Chaib,11010,23,"1,181318681",8,,Orogrande,Volkameriana,30,27,4,1,"86,66666667",1,0,0,1,0,1,1,,"0,9642857143","0,8387096774","0,8971246006",29,4,"83,33333333","0,8787878788"
Ain Chaib,11010,22,"1,203703704",7,,Orogrande,Volkameriana,26,18,8,0,"69,23076923",0,0,0,3,0,1,4,,1,"0,6923076923","0,8181818182",31,4,"103,8461538","0,8857142857"
Ain Chaib,11010,1,"1,604895105",1,,Orogrande,Volkameriana,17,17,6,6,"64,70588235",0,0,0,6,0,0,0,,"0,7391304348","0,4782608696","0,5807453416",27,2,"147,0588235","0,9310344828"
Ain Chaib,11010,24,"3,676470588",9,,Orogrande,Volkameriana,10,7,6,3,40,0,0,0,1,0,2,3,,"0,7","0,3076923077","0,427480916",4,5,-10,"0,4444444444"
Ain Chaib,11030,,"-0,1816326531",1,,Afourer,Bigaradier,89,49,40,0,"55,05617978",7,0,0,8,0,16,9,,1,"0,5505617978","0,7101449275",93,4,100,"0,9587628866"
Ain Chaib,11030,,"1,254545455",2,,Afourer,Bigaradier,69,56,14,1,"79,71014493",2,0,0,4,0,6,2,,"0,9824561404","0,7857142857","0,8731396173",102,3,"143,4782609","0,9714285714"
Ain Chaib,11030,,"1,844720497",3,,Afourer,Bigaradier,81,64,18,1,"77,77777778",0,0,0,3,0,10,5,,"0,9846153846","0,7682926829","0,8631060687",128,3,"154,3209877","0,9770992366"
Ain Chaib,11030,,"2,173091459",4,,Afourer,Bigaradier,138,98,40,0,"71,01449275",5,0,0,8,0,18,9,,1,"0,7101449275","0,8305084746",195,4,"138,4057971","0,9798994975"
Ain Chaib,11030,,"1,897498831",5,,Afourer,Bigaradier,85,63,23,1,"72,94117647",1,0,0,6,0,14,2,,"0,984375","0,7209302326","0,8323034306",103,4,"116,4705882","0,9626168224"
Ain Chaib,11030,,"1,509363745",6,,Afourer,Bigaradier,127,98,29,0,"77,16535433",2,0,0,12,0,11,4,,1,"0,7716535433","0,8711111111",180,10,"133,8582677","0,9473684211"
Ain Chaib,11030,,"1,973842253",7,,Afourer,Bigaradier,87,59,28,0,"67,81609195",5,0,0,7,0,11,5,,1,"0,6781609195","0,8082191781",106,10,"110,3448276","0,9137931034"
Ain Chaib,11030,,"1,165439752",8,,Afourer,Bigaradier,94,89,5,0,"94,68085106",0,0,0,4,0,0,1,,1,"0,9468085106","0,9726775956",169,5,"174,4680851","0,9712643678"
Ain Chaib,11030,,"1,979541735",9,,Afourer,Bigaradier,59,52,7,0,"88,13559322",0,0,0,4,0,3,0,,1,"0,8813559322","0,9369369369",95,5,"152,5423729","0,95"
Ain Chaib,11030,,"1,957147426",10,,Afourer,Bigaradier,68,54,15,1,"77,94117647",4,0,0,5,0,2,4,,"0,9818181818","0,768115942","0,8619183858",100,3,"142,6470588","0,9708737864"
Ain Chaib,11040,,"2,249434389",1,,Afourer,Bigaradier,82,52,30,0,"63,41463415",0,0,0,11,0,18,1,,1,"0,6341463415","0,776119403",120,5,"140,2439024","0,96"
Ain Chaib,11040,,"1,995778612",2,,Afourer,Bigaradier,74,52,22,0,"70,27027027",2,0,0,6,0,12,2,,1,"0,7027027027","0,8253968254",94,14,"108,1081081","0,8703703704"
Ain Chaib,11040,,"1,574205785",3,,Afourer,Bigaradier,83,59,26,2,"68,6746988",7,0,0,8,0,6,5,,"0,9672131148","0,6705882353","0,7920395667",106,5,"121,686747","0,954954955"
Ain Chaib,11040,,"1,360028349",4,,Afourer,Bigaradier,19,19,2,2,"89,47368421",1,0,0,0,0,0,1,,"0,9047619048","0,8095238095","0,8544973545",33,20,"68,42105263","0,6226415094"
Ain Chaib,11040,,"1,021872864",5,,Afourer,Bigaradier,115,77,38,0,"66,95652174",7,0,0,10,0,16,5,,1,"0,6695652174","0,8020833333",150,8,"123,4782609","0,9493670886"
Ain Chaib,11040,,"1,411180124",6,,Afourer,Bigaradier,40,35,5,0,"87,5",1,0,0,1,0,1,2,,1,"0,875","0,9333333333",68,3,"162,5","0,9577464789"
Ain Chaib,11040,,"2,549568966",7,,Afourer,Bigaradier,91,59,33,1,"63,73626374",4,0,0,6,0,12,11,,"0,9833333333","0,6304347826","0,768298159",110,2,"118,6813187","0,9821428571"
Ain Chaib,11040,,"1,588503804",8,,Afourer,Bigaradier,87,66,22,1,"74,71264368",0,0,0,7,0,14,1,,"0,9850746269","0,7386363636","0,8442389058",132,3,"148,2758621","0,9777777778"
Ain Chaib,11040,,"1,668103448",9,,Afourer,Bigaradier,18,17,2,1,"88,88888889",0,0,0,0,0,0,2,,"0,9444444444","0,8421052632","0,8903436989",43,13,"166,6666667","0,7678571429"
Ain Chaib,11040,,"2,083333333",10,,Afourer,Bigaradier,70,61,14,5,80,0,0,0,4,0,9,1,,"0,9242424242","0,7466666667","0,8260186193",111,11,"142,8571429","0,9098360656"
Nour,21070,,"1,785714286",1,,Bruno,Volkameriana,75,63,15,3,80,0,0,0,8,0,5,2,,"0,9545454545","0,7692307692","0,8519269777",89,9,"106,6666667","0,9081632653"
Nour,21070,,"1,384795322",2,,Bruno,Volkameriana,74,61,17,4,"77,02702703",0,0,0,13,0,0,4,,"0,9384615385","0,7307692308","0,8216944346",85,8,"104,0540541","0,9139784946"
Nour,21070,,"1,340357306",3,,Bruno,Volkameriana,76,61,17,2,"77,63157895",2,0,0,5,0,10,0,,"0,9682539683","0,7564102564","0,8493215339",81,13,"89,47368421","0,8617021277"
Nour,21070,,"1,079854809",4,,Bruno,Volkameriana,105,92,18,5,"82,85714286",0,0,0,8,0,9,1,,"0,9484536082","0,7909090909","0,8625464734",133,4,"122,8571429","0,9708029197"
Nour,21070,,"1,579591837",5,,Bruno,Volkameriana,135,107,30,2,"77,77777778",2,0,0,6,0,11,11,,"0,9816513761","0,7664233577","0,8607876188",159,11,"109,6296296","0,9352941176"
Nour,21070,,"1,467102397",6,,Bruno,Volkameriana,91,73,23,5,"74,72527473",2,0,0,14,0,7,0,,"0,9358974359","0,7083333333","0,8063677713",101,4,"106,5934066","0,9619047619"
Nour,21070,,"1,492307692",7,,Bruno,Volkameriana,105,76,30,1,"71,42857143",3,0,0,8,0,13,6,,"0,987012987","0,7075471698","0,8242354132",105,3,"97,14285714","0,9722222222"
Nour,21070,,"1,291289199",8,,Bruno,Volkameriana,109,85,27,3,"75,2293578",4,0,0,16,0,3,4,,"0,9659090909","0,7321428571","0,8329349904",132,7,"114,6788991","0,9496402878"
Nour,21070,,"1,522461246",9,,Bruno,Volkameriana,77,61,19,3,"75,32467532",0,0,0,6,0,10,3,,"0,953125","0,725","0,823556797",93,6,"112,987013","0,9393939394"
Nour,21070,,"1,485569986",10,,Bruno,Volkameriana,71,56,17,2,"76,05633803",3,0,0,4,0,9,1,,"0,9655172414","0,7397260274","0,8376731302",97,9,"123,943662","0,9150943396"
SAOUDA,Macrophyla,,"1,549295775",1,,Azemour,Macrophyla,5,5,1,1,80,0,0,0,1,0,0,0,,"0,8333333333","0,6666666667","0,7407407407",8,8,0,"0,5"
SAOUDA,Macrophyla,,0,2,,Azemour,Macrophyla,7,6,1,0,"85,71428571",0,0,0,1,0,0,0,,1,"0,8571428571","0,9230769231",11,1,"142,8571429","0,9166666667"
SAOUDA,Macrophyla,,"2,5",3,,Azemour,Macrophyla,14,8,6,0,"57,14285714",0,0,0,4,0,1,1,,1,"0,5714285714","0,7272727273",22,5,"121,4285714","0,8148148148"
SAOUDA,Macrophyla,,"1,535714286",4,,Azemour,Macrophyla,43,34,9,0,"79,06976744",2,0,0,5,0,2,0,,1,"0,7906976744","0,8831168831",52,12,"93,02325581","0,8125"
SAOUDA,Macrophyla,,"0,9302325581",5,,Azemour,Macrophyla,13,13,0,0,100,0,0,0,0,0,0,0,,1,1,1,23,4,"146,1538462","0,8518518519"
SAOUDA,Macrophyla,,"1,607692308",6,,Azemour,Macrophyla,22,20,2,0,"90,90909091",0,0,0,1,0,1,0,,1,"0,9090909091","0,9523809524",37,7,"136,3636364","0,8409090909"
SAOUDA,Macrophyla,,"3,181818182",7,,Azemour,Macrophyla,35,15,20,0,"42,85714286",0,0,0,1,0,0,1,,1,"0,4285714286","0,6",25,9,"45,71428571","0,7352941176"
SAOUDA,Macrophyla,,"0,5028571429",8,,Azemour,Macrophyla,22,20,2,0,"90,90909091",0,0,0,0,0,2,0,,1,"0,9090909091","0,9523809524",29,13,"72,72727273","0,6904761905"
SAOUDA,Macrophyla,,"0,9256198347",9,,Azemour,Macrophyla,42,33,9,0,"78,57142857",0,0,0,7,0,0,2,,1,"0,7857142857","0,88",51,8,"102,3809524","0,8644067797"
SAOUDA,Macrophyla,,"1,023809524",10,,Azemour,Macrophyla,10,12,0,2,100,0,0,0,0,0,0,0,,"0,8571428571","0,8333333333","0,8450704225",12,4,80,"0,75"
SAOUDA,Volkemeriana,,"0,8",1,,Azemour,Volkameriana,3,3,0,0,100,0,0,0,0,0,0,0,,1,1,1,6,8,"-66,66666667","0,4285714286"
SAOUDA,Volkemeriana,,"-0,8484848485",2,,Azemour,Volkameriana,14,11,3,0,"78,57142857",0,0,0,1,0,2,0,,1,"0,7857142857","0,88",15,10,"35,71428571","0,6"
SAOUDA,Volkemeriana,,"0,3571428571",3,,Azemour,Volkameriana,2,2,0,0,100,0,0,0,0,0,0,0,,1,1,1,3,2,50,"0,6"
SAOUDA,Volkemeriana,,"0,5526315789",4,,Azemour,Volkameriana,21,20,2,1,"90,47619048",0,0,0,2,0,0,0,,"0,9523809524","0,8636363636","0,9058402861",24,1,"109,5238095","0,96"
SAOUDA,Volkemeriana,,"1,095238095",5,,Azemour,Volkameriana,6,8,0,2,100,0,0,0,0,0,0,0,,"0,8","0,75","0,7741935484",8,6,"33,33333333","0,5714285714"
SAOUDA,Volkemeriana,,"0,3333333333",6,,Azemour,Volkameriana,4,6,0,2,100,0,0,0,0,0,0,0,,"0,75","0,6666666667","0,7058823529",5,8,-75,"0,3846153846"
SAOUDA,Volkemeriana,,"-0,75",7,,Azemour,Volkameriana,6,6,0,0,100,0,0,0,0,0,0,0,,1,1,1,11,13,"-33,33333333","0,4583333333"
SAOUDA,Volkemeriana,,"-0,3333333333",8,,Azemour,Volkameriana,3,5,0,2,100,0,0,0,0,0,0,0,,"0,7142857143","0,6","0,652173913",5,5,0,"0,5"
SAOUDA,Volkemeriana,,0,9,,Azemour,Volkameriana,19,14,5,0,"73,68421053",0,0,0,3,0,2,0,,1,"0,7368421053","0,8484848485",34,5,"152,6315789","0,8717948718"
SAOUDA,Volkemeriana,,"1,66507177",10,,Azemour,Volkameriana,12,11,1,0,"91,66666667",0,0,0,1,0,0,0,,1,"0,9166666667","0,9565217391",24,2,"183,3333333","0,9230769231"
STAHALMAD,12210,,"2,037037037",1,,SRA,C.Carrizo,10,9,1,0,90,0,0,0,1,0,0,0,,1,"0,9","0,9473684211",15,4,110,"0,7894736842"
STAHALMAD,12210,,"1,1",2,,SRA,C.Carrizo,5,5,0,0,100,0,0,0,0,0,0,0,,1,1,1,12,7,100,"0,6315789474"
STAHALMAD,12210,,"1,2",3,,SRA,C.Carrizo,12,10,2,0,"83,33333333",0,0,0,2,0,0,0,,1,"0,8333333333","0,9090909091",12,7,"41,66666667","0,6315789474"
STAHALMAD,12210,,"0,5043859649",4,,SRA,C.Carrizo,23,21,4,2,"82,60869565",0,0,0,3,0,1,0,,"0,9130434783","0,76","0,8295218295",30,7,100,"0,8108108108"
STAHALMAD,12210,,"1,16",5,,SRA,C.Carrizo,29,25,4,0,"86,20689655",0,0,0,3,0,1,0,,1,"0,8620689655","0,9259259259",33,2,"106,8965517","0,9428571429"
STAHALMAD,12210,,"1,263322884",6,,SRA,C.Carrizo,13,11,2,0,"84,61538462",0,0,0,2,0,0,0,,1,"0,8461538462","0,9166666667",16,5,"84,61538462","0,7619047619"
STAHALMAD,12210,,"1,163461538",7,,SRA,C.Carrizo,11,9,3,1,"72,72727273",1,0,0,2,0,0,0,,"0,9","0,6666666667","0,7659574468",10,5,"45,45454545","0,6666666667"
STAHALMAD,12210,,"0,5844155844",8,,SRA,C.Carrizo,18,15,4,1,"77,77777778",0,0,0,3,0,0,1,,"0,9375","0,7368421053","0,8251473477",27,5,"122,2222222","0,84375"
STAHALMAD,12210,,"1,222222222",9,,SRA,C.Carrizo,5,5,0,0,100,0,0,0,0,0,0,0,,1,1,1,5,5,0,"0,5"
STAHALMAD,12210,,0,10,,SRA,C.Carrizo,14,11,3,0,"78,57142857",2,0,0,1,0,0,0,,1,"0,7857142857","0,88",14,3,"78,57142857","0,8235294118"
STAHALMAD,22110,,"1,068571429",1,,SidiAissa,C.Carrizo,34,27,9,2,"73,52941176",0,2,0,5,0,2,0,,"0,9310344828","0,6944444444","0,7955215085",29,9,"58,82352941","0,7631578947"
STAHALMAD,22110,,"1,078431373",2,,SidiAissa,C.Carrizo,33,18,15,0,"54,54545455",0,0,0,10,0,3,2,,1,"0,5454545455","0,7058823529",39,4,"106,0606061","0,9069767442"
STAHALMAD,22110,,"1,272727273",3,,SidiAissa,C.Carrizo,54,46,9,1,"83,33333333",0,1,0,4,0,0,4,,"0,9787234043","0,8181818182","0,8912809473",81,8,"135,1851852","0,9101123596"
STAHALMAD,22110,,"1,871794872",4,,SidiAissa,C.Carrizo,18,14,5,1,"72,22222222",0,0,0,2,0,1,2,,"0,9333333333","0,6842105263","0,7895878525",30,5,"138,8888889","0,8571428571"
STAHALMAD,22110,,"1,591435185",5,,SidiAissa,C.Carrizo,55,48,7,0,"87,27272727",0,0,0,3,0,4,0,,1,"0,8727272727","0,932038835",53,5,"87,27272727","0,9137931034"
STAHALMAD,22110,,"1,074125874",6,,SidiAissa,C.Carrizo,48,40,9,1,"81,25",0,1,0,7,0,1,0,,"0,9756097561","0,7959183673","0,8766507446",58,2,"116,6666667","0,9666666667"
STAHALMAD,22110,,"1,564393939",7,,SidiAissa,C.Carrizo,59,45,15,1,"74,57627119",0,3,0,10,0,1,1,,"0,9782608696","0,7333333333","0,8382726503",92,4,"149,1525424","0,9583333333"
STAHALMAD,22110,,"2,017946162",8,,SidiAissa,C.Carrizo,23,19,6,2,"73,91304348",1,1,0,3,0,1,0,,"0,9047619048","0,68","0,7764423077",31,9,"95,65217391","0,775"
STAHALMAD,22110,,"1,161490683",9,,SidiAissa,C.Carrizo,17,14,3,0,"82,35294118",0,0,0,3,0,0,0,,1,"0,8235294118","0,9032258065",30,6,"141,1764706","0,8333333333"
STAHALMAD,22110,,"1,4718398",10,,SidiAissa,C.Carrizo,49,48,2,1,"95,91836735",0,0,0,0,0,2,0,,"0,9795918367","0,94","0,9593876249",50,6,"89,79591837","0,8928571429"
STAHALMAD,23110,,"1,022675737",1,,SidiAissa,C.Carrizo,41,38,5,2,"87,80487805",0,0,0,3,0,2,0,,"0,95","0,8372093023","0,8900455433",46,6,"97,56097561","0,8846153846"
STAHALMAD,23110,,"1,040650407",2,,SidiAissa,C.Carrizo,16,15,1,0,"93,75",0,0,0,1,0,0,0,,1,"0,9375","0,9677419355",23,2,"131,25","0,92"
STAHALMAD,23110,,"1,495639535",3,,SidiAissa,C.Carrizo,49,49,6,6,"87,75510204",0,0,0,2,0,4,0,,"0,8909090909","0,7818181818","0,8328063241",63,5,"118,3673469","0,9264705882"
STAHALMAD,23110,,"1,368622449",4,,SidiAissa,C.Carrizo,37,32,5,0,"86,48648649",1,0,0,4,0,0,0,,1,"0,8648648649","0,9275362319",65,4,"164,8648649","0,9420289855"
STAHALMAD,23110,,"1,892892893",5,,SidiAissa,C.Carrizo,31,27,4,0,"87,09677419",0,0,0,4,0,0,0,,1,"0,8709677419","0,9310344828",47,3,"141,9354839","0,94"
STAHALMAD,23110,,"1,84516129",6,,SidiAissa,C.Carrizo,13,11,3,1,"76,92307692",0,0,0,1,0,0,2,,"0,9166666667","0,7142857143","0,802919708",26,8,"138,4615385","0,7647058824"
STAHALMAD,23110,,"1,483516484",7,,SidiAissa,C.Carrizo,30,28,2,0,"93,33333333",0,0,0,2,0,0,0,,1,"0,9333333333","0,9655172414",52,4,160,"0,9285714286"
STAHALMAD,23110,,"1,85",8,,SidiAissa,C.Carrizo,111,96,15,0,"86,48648649",0,0,0,9,0,2,4,,1,"0,8648648649","0,9275362319",136,5,"118,018018","0,9645390071"
STAHALMAD,23110,,"1,396947968",9,,SidiAissa,C.Carrizo,58,50,9,1,"84,48275862",0,0,0,3,0,1,5,,"0,9803921569","0,8305084746","0,8992475684",89,3,"148,2758621","0,9673913043"
STAHALMAD,23110,,"1,747536946",10,,SidiAissa,C.Carrizo,66,57,10,1,"84,84848485",0,0,0,2,0,4,4,,"0,9827586207","0,8358208955","0,9033536154",92,2,"136,3636364","0,9787234043"